dataset,model,cpu_load,n_samples,test_accuracy,test_precision,test_f1_score,test_recall,fit_time,emission_time,emissions,energy_consumed
Electricity,Linear,20.0,45312.000000,0.746308,0.765858,0.760869,0.765420,0.119407,1.194072e-01,2.735475e-07,1.411035e-06
Electricity,Forest,20.5,45312.000000,0.903362,0.908996,0.908649,0.908971,5.153338,5.153338e+00,1.182251e-05,6.098386e-05
Electricity,SupportVector,22.5,45312.000000,0.793200,0.806737,0.804638,0.806797,33.647779,3.364778e+01,7.725446e-05,3.985003e-04
Electricity,Neighbors,22.5,45312.000000,0.826557,0.832680,0.832789,0.833168,0.946033,9.460332e-01,2.170359e-06,1.119533e-05
Electricity,NaiveBayes,22.75,45312.000000,0.702674,0.777255,0.721508,0.743352,0.046035,4.603457e-02,1.055314e-07,5.443606e-07
Electricity,GradientBoost,22.75,45312.000000,0.830628,0.839144,0.838696,0.839567,5.490720,5.490720e+00,1.259733e-05,6.498056e-05
Electricity,Neural,81.5,45312.000000,0.822547,0.826686,0.826481,0.826327,82.235957,8.223596e+01,1.886752e-04,9.732399e-04